UID,0,1,2,3,4,5,6,7,8,9,10,11,12,13
1A12DE700,2017 W14,,,,,,,,,,,,,
1A12DE701,2016 W13,2016 W14,2016 W15,2016 W18,,,,,,,,,,
1A12DE702,2016 W44,2016 W46,2016 W47,2017 W15,2017 W21,,,,,,,,,
1A12DE703,2016 W19,,,,,,,,,,,,,
1A12DE704,,,,,,,,,,,,,,
1A12DE705,2017 W13,,,,,,,,,,,,,
1A12DE706,2016 W13,2017 W13,2017 W14,,,,,,,,,,,
1A12DE707,,,,,,,,,,,,,,
1A12DE708,2016 W47,2017 W12,,,,,,,,,,,,
1A12DE709,2016 W45,2017 W15,,,,,,,,,,,,
1A12DE710,2016 W46,2017 W13,2017 W14,,,,,,,,,,,
1A12DE711,2017 W13,2017 W14,,,,,,,,,,,,
1A12DE712,2016 W16,2016 W18,,,,,,,,,,,,
1A12DE713,2017 W18,2017 W20,,,,,,,,,,,,
1A12DE714,2017 W15,,,,,,,,,,,,,
1A12DE715,2016 W17,,,,,,,,,,,,,
1A12DE716,2016 W18,2017 W17,2017 W19,2017 W20,,,,,,,,,,
1A12DE717,,,,,,,,,,,,,,
1A12DE718,2016 W42,2016 W43,2016 W47,2017 W17,,,,,,,,,,
1A12DE719,2017 W19,,,,,,,,,,,,,
1A12DE720,2017 W12,,,,,,,,,,,,,
1A12DE721,2017 W15,,,,,,,,,,,,,
1A12DE722,,,,,,,,,,,,,,
1A12DE723,2016 W14,2016 W15,2016 W17,2016 W18,2016 W19,2016 W44,2016 W45,2017 W13,,,,,,
1A12DE724,2017 W15,,,,,,,,,,,,,
1A12DE725,2016 W15,,,,,,,,,,,,,
1A12DE726,2017 W17,,,,,,,,,,,,,
1A12DE727,,,,,,,,,,,,,,
1A12DE728,2017 W18,,,,,,,,,,,,,
1A12DE729,2017 W16,,,,,,,,,,,,,
1A12DE730,2017 W16,,,,,,,,,,,,,
1A12DE731,2017 W18,,,,,,,,,,,,,
1A12DE732,2017 W14,,,,,,,,,,,,,
1A12DE733,2016 W15,2017 W12,,,,,,,,,,,,
1A12DE734,2016 W47,2017 W14,,,,,,,,,,,,
1A12DE735,2016 W45,2017 W16,,,,,,,,,,,,
1A12DE736,2016 W15,2016 W17,,,,,,,,,,,,
1A12DE737,2016 W43,2017 W17,,,,,,,,,,,,
1A12DE738,2016 W42,2017 W15,,,,,,,,,,,,
1A12DE739,2017 W13,2017 W14,,,,,,,,,,,,
1A12DE740,2017 W14,,,,,,,,,,,,,
1A12DE741,2016 W40,2017 W12,,,,,,,,,,,,
1A12DE742,2017 W15,,,,,,,,,,,,,
1A12DE743,2017 W13,2017 W14,,,,,,,,,,,,
1A12DE744,2017 W14,,,,,,,,,,,,,
1A12DE745,2016 W18,,,,,,,,,,,,,
1A12DE746,2016 W16,2016 W17,,,,,,,,,,,,
1A12DE747,2017 W18,,,,,,,,,,,,,
1A12DE748,2016 W43,,,,,,,,,,,,,
1A12DE749,2016 W14,2017 W11,2017 W19,,,,,,,,,,,
1A12DE750,2016 W40,2016 W41,2017 W13,2017 W14,,,,,,,,,,
1A12DE751,2017 W16,,,,,,,,,,,,,
1A12DE752,2017 W18,,,,,,,,,,,,,
1A12DE753,2017 W13,,,,,,,,,,,,,
1A12DE754,2017 W17,,,,,,,,,,,,,
1A12DE755,2016 W42,2016 W43,2017 W16,,,,,,,,,,,
1A12DE756,,,,,,,,,,,,,,
1A12DE757,2017 W12,,,,,,,,,,,,,
1A12DE758,2017 W18,,,,,,,,,,,,,
1A12DE759,2016 W13,2016 W16,2016 W17,2016 W19,,,,,,,,,,
1A12DE760,2017 W12,,,,,,,,,,,,,
1A12DE10,2016 W23,2017 W14,,,,,,,,,,,,
1A12DE100,2017 W15,,,,,,,,,,,,,
1A12DE101,2016 W15,2016 W16,2016 W18,2016 W20,2017 W16,,,,,,,,,
1A12DE102,2016 W46,2017 W13,,,,,,,,,,,,
1A12DE103,2016 W17,2016 W44,2017 W15,,,,,,,,,,,
1A12DE105,2016 W44,2017 W13,,,,,,,,,,,,
1A12DE106,2016 W16,2016 W17,2016 W18,2016 W19,2016 W44,2016 W45,2016 W46,2017 W19,,,,,,
1A12DE107,2016 W14,2016 W15,2016 W17,2016 W41,2017 W11,,,,,,,,,
1A12DE108,2016 W18,2016 W41,2016 W42,2016 W43,2017 W17,,,,,,,,,
1A12DE109,2016 W17,2016 W20,2016 W23,,,,,,,,,,,
1A12DE11,2016 W43,2016 W45,,,,,,,,,,,,
1A12DE110,2016 W15,2016 W16,2016 W18,2016 W21,2016 W23,2016 W46,2016 W47,2017 W16,,,,,,
1A12DE111,2016 W16,2016 W17,2017 W14,,,,,,,,,,,
1A12DE112,2017 W13,2017 W19,,,,,,,,,,,,
1A12DE113,2017 W14,,,,,,,,,,,,,
1A12DE114,2017 W16,2017 W20,,,,,,,,,,,,
1A12DE115,2016 W15,2016 W41,2017 W11,,,,,,,,,,,
1A12DE116,2017 W14,,,,,,,,,,,,,
1A12DE117,2016 W19,2016 W24,2017 W16,,,,,,,,,,,
1A12DE118,2017 W16,,,,,,,,,,,,,
1A12DE119,2017 W11,,,,,,,,,,,,,
1A12DE12,2017 W11,,,,,,,,,,,,,
1A12DE120,2016 W46,2017 W14,,,,,,,,,,,,
1A12DE121,2016 W42,2016 W47,2017 W13,2017 W14,,,,,,,,,,
1A12DE122,2016 W44,2017 W13,,,,,,,,,,,,
1A12DE123,2016 W13,2016 W14,2016 W15,2016 W16,2016 W18,2016 W19,2017 W13,,,,,,,
1A12DE124,2016 W15,2016 W16,2016 W17,2016 W18,2016 W19,2016 W20,2016 W46,,,,,,,
1A12DE125,2016 W44,2017 W12,,,,,,,,,,,,
1A12DE126,2016 W17,2017 W18,,,,,,,,,,,,
1A12DE127,2016 W43,2016 W44,2016 W45,,,,,,,,,,,
1A12DE128,2016 W15,2016 W17,2016 W44,2017 W18,,,,,,,,,,
1A12DE128,2016 W15,2016 W17,2016 W44,2017 W18,,,,,,,,,,
1A12DE129,2016 W16,2017 W14,,,,,,,,,,,,
1A12DE13,2016 W16,2016 W18,2017 W13,,,,,,,,,,,
1A12DE130,2017 W16,,,,,,,,,,,,,
1A12DE131,2016 W15,2017 W15,,,,,,,,,,,,
1A12DE132,2016 W41,2017 W17,,,,,,,,,,,,
1A12DE133,2016 W42,2016 W43,2016 W46,2017 W11,,,,,,,,,,
1A12DE134,2016 W43,2017 W13,,,,,,,,,,,,
1A12DE135,2016 W15,2017 W17,,,,,,,,,,,,
1A12DE136,2016 W15,2016 W16,2016 W17,2016 W18,2016 W40,2016 W41,2016 W42,2016 W43,2016 W46,2016 W47,2017 W17,2017 W20,,
1A12DE137,2016 W41,2016 W43,2017 W13,,,,,,,,,,,
1A12DE138,2016 W41,,,,,,,,,,,,,
1A12DE139,,,,,,,,,,,,,,
1A12DE14,2016 W17,2016 W23,2016 W41,2016 W42,2017 W15,,,,,,,,,
1A12DE140,2016 W46,2017 W17,,,,,,,,,,,,
1A12DE141,2017 W13,,,,,,,,,,,,,
1A12DE143,2017 W17,,,,,,,,,,,,,
1A12DE144,2016 W45,2016 W46,2017 W18,,,,,,,,,,,
1A12DE145,2016 W46,2016 W47,2017 W14,,,,,,,,,,,
1A12DE146,2016 W45,2016 W46,2017 W14,,,,,,,,,,,
1A12DE147,2016 W15,,,,,,,,,,,,,
1A12DE148,2017 W15,,,,,,,,,,,,,
1A12DE149,2016 W44,2016 W46,,,,,,,,,,,,
1A12DE15,2016 W14,2016 W15,2016 W18,2017 W15,,,,,,,,,,
1A12DE150,2016 W43,2017 W12,,,,,,,,,,,,
1A12DE152,2017 W20,,,,,,,,,,,,,
1A12DE153,2016 W42,2017 W13,2017 W14,,,,,,,,,,,
1A12DE154,2017 W17,,,,,,,,,,,,,
1A12DE155,2016 W14,2016 W16,2016 W43,2016 W47,2017 W13,,,,,,,,,
1A12DE156,2016 W43,,,,,,,,,,,,,
1A12DE157,2016 W46,2017 W13,,,,,,,,,,,,
1A12DE158,2016 W14,2016 W16,,,,,,,,,,,,
1A12DE159,2016 W15,2017 W14,,,,,,,,,,,,
1A12DE16,2016 W17,2017 W18,2017 W19,,,,,,,,,,,
1A12DE160,2016 W41,2017 W13,,,,,,,,,,,,
1A12DE161,2017 W13,2017 W19,2017 W20,,,,,,,,,,,
1A12DE162,2017 W12,,,,,,,,,,,,,
1A12DE163,2016 W45,2016 W46,2016 W47,2017 W14,,,,,,,,,,
1A12DE164,2017 W14,,,,,,,,,,,,,
1A12DE166,2017 W12,2017 W19,,,,,,,,,,,,
1A12DE167,2017 W14,,,,,,,,,,,,,
1A12DE168,2016 W20,2016 W45,2016 W46,2016 W47,,,,,,,,,,
1A12DE169,2016 W42,,,,,,,,,,,,,
1A12DE17,2016 W17,2016 W44,2017 W18,,,,,,,,,,,
1A12DE170,2016 W40,2017 W15,,,,,,,,,,,,
1A12DE171,2016 W46,2017 W14,,,,,,,,,,,,
1A12DE172,2016 W41,2016 W42,2016 W43,2016 W44,2016 W45,2016 W46,2017 W11,,,,,,,
1A12DE173,2017 W18,,,,,,,,,,,,,
1A12DE174,2016 W13,2017 W16,,,,,,,,,,,,
1A12DE175,,,,,,,,,,,,,,
1A12DE176,2016 W18,2017 W17,,,,,,,,,,,,
1A12DE177,2017 W12,,,,,,,,,,,,,
1A12DE178,2016 W45,2017 W18,,,,,,,,,,,,
1A12DE179,2016 W18,2017 W16,,,,,,,,,,,,
1A12DE18,2016 W13,2016 W14,,,,,,,,,,,,
1A12DE180,2016 W19,2017 W14,,,,,,,,,,,,
1A12DE182,2016 W41,,,,,,,,,,,,,
1A12DE183,2016 W41,2017 W13,,,,,,,,,,,,
1A12DE184,2017 W14,,,,,,,,,,,,,
1A12DE185,2017 W14,2017 W20,,,,,,,,,,,,
1A12DE186,2016 W45,2017 W13,2017 W19,,,,,,,,,,,
1A12DE188,2017 W13,,,,,,,,,,,,,
1A12DE189,2016 W14,2016 W16,2016 W43,2016 W44,2017 W13,,,,,,,,,
1A12DE19,2016 W15,2016 W16,2016 W44,2017 W16,,,,,,,,,,
1A12DE190,2016 W16,2016 W43,2016 W44,2016 W46,2016 W47,2017 W14,2017 W19,,,,,,,
1A12DE191,2016 W47,2017 W16,2017 W19,2017 W20,,,,,,,,,,
1A12DE192,2016 W13,2016 W14,2016 W41,2016 W43,2017 W11,,,,,,,,,
1A12DE193,2016 W17,,,,,,,,,,,,,
1A12DE194,2016 W15,2016 W43,2016 W44,,,,,,,,,,,
1A12DE195,2016 W47,,,,,,,,,,,,,
1A12DE197,2016 W45,2016 W47,2017 W18,,,,,,,,,,,
1A12DE198,2016 W14,2016 W17,2016 W18,2017 W12,,,,,,,,,,
1A12DE199,2016 W43,2017 W18,,,,,,,,,,,,
1A12DE20,2016 W18,2016 W19,2016 W46,,,,,,,,,,,
1A12DE200,2016 W14,2016 W15,2016 W17,2016 W18,2016 W44,,,,,,,,,
1A12DE201,2016 W44,2017 W15,,,,,,,,,,,,
1A12DE202,2016 W47,2017 W16,2017 W19,2017 W20,,,,,,,,,,
1A12DE203,2016 W44,2016 W45,2016 W46,2017 W12,,,,,,,,,,
1A12DE204,2016 W40,,,,,,,,,,,,,
1A12DE205,2016 W45,,,,,,,,,,,,,
1A12DE206,2016 W15,2016 W24,2016 W45,,,,,,,,,,,
1A12DE207,2016 W14,2016 W15,2016 W16,2016 W17,2016 W41,2016 W43,2017 W14,,,,,,,
1A12DE208,2017 W14,2017 W19,,,,,,,,,,,,
1A12DE209,2017 W17,2017 W19,,,,,,,,,,,,
1A12DE21,2016 W17,2017 W14,,,,,,,,,,,,
1A12DE210,2016 W44,,,,,,,,,,,,,
1A12DE211,,,,,,,,,,,,,,
1A12DE212,2016 W16,2016 W17,2016 W18,2017 W16,,,,,,,,,,
1A12DE213,2016 W16,2017 W13,,,,,,,,,,,,
1A12DE215,2017 W18,,,,,,,,,,,,,
1A12DE216,2017 W15,,,,,,,,,,,,,
1A12DE217,2017 W15,,,,,,,,,,,,,
1A12DE218,2016 W15,2016 W17,2016 W47,2017 W14,,,,,,,,,,
1A12DE219,2016 W15,2017 W17,,,,,,,,,,,,
1A12DE22,2016 W43,2017 W12,,,,,,,,,,,,
1A12DE220,,,,,,,,,,,,,,
1A12DE221,2016 W42,,,,,,,,,,,,,
1A12DE222,2016 W41,2016 W43,2016 W47,2017 W14,,,,,,,,,,
1A12DE223,2016 W14,2017 W11,,,,,,,,,,,,
1A12DE224,2016 W44,2016 W45,2016 W46,2016 W47,,,,,,,,,,
1A12DE225,2016 W18,2016 W19,2016 W46,2017 W15,,,,,,,,,,
1A12DE226,2017 W18,,,,,,,,,,,,,
1A12DE227,2017 W12,,,,,,,,,,,,,
1A12DE228,2016 W16,2017 W20,,,,,,,,,,,,
1A12DE229,2016 W41,2017 W16,,,,,,,,,,,,
1A12DE23,2016 W43,2017 W14,,,,,,,,,,,,
1A12DE230,2016 W14,2016 W15,2016 W41,2016 W44,2017 W18,,,,,,,,,
1A12DE230,2016 W42,2016 W43,2016 W45,,,,,,,,,,,
1A12DE231,2016 W42,2016 W45,,,,,,,,,,,,
1A12DE232,2016 W16,2017 W12,,,,,,,,,,,,
1A12DE233,2016 W14,,,,,,,,,,,,,
1A12DE235,2016 W40,2016 W44,2016 W47,,,,,,,,,,,
1A12DE236,2016 W17,2016 W40,2016 W45,2017 W16,,,,,,,,,,
1A12DE237,2016 W46,2016 W47,,,,,,,,,,,,
1A12DE238,2017 W12,,,,,,,,,,,,,
1A12DE239,2016 W44,,,,,,,,,,,,,
1A12DE24,2016 W44,2016 W45,2016 W46,2017 W12,2017 W12,2017 W19,,,,,,,,
1A12DE240,2017 W13,,,,,,,,,,,,,
1A12DE241,2016 W14,2017 W13,,,,,,,,,,,,
1A12DE242,2016 W45,2017 W14,,,,,,,,,,,,
1A12DE243,2016 W13,2017 W12,,,,,,,,,,,,
1A12DE244,2016 W18,2016 W46,2017 W14,,,,,,,,,,,
1A12DE245,2016 W15,2016 W46,,,,,,,,,,,,
1A12DE246,2017 W16,,,,,,,,,,,,,
1A12DE247,2016 W14,2016 W15,2016 W44,2016 W47,2017 W14,,,,,,,,,
1A12DE248,2016 W15,2016 W47,2017 W14,,,,,,,,,,,
1A12DE249,2016 W17,2017 W14,,,,,,,,,,,,
1A12DE25,,,,,,,,,,,,,,
1A12DE250,2017 W19,2017 W20,,,,,,,,,,,,
1A12DE251,2016 W14,2016 W17,2017 W15,,,,,,,,,,,
1A12DE252,2016 W14,2016 W41,2016 W47,2017 W15,,,,,,,,,,
1A12DE253,2016 W14,2016 W19,2016 W41,2017 W12,,,,,,,,,,
1A12DE254,2017 W18,,,,,,,,,,,,,
1A12DE255,2016 W42,2016 W43,2016 W45,,,,,,,,,,,
1A12DE256,2016 W45,2017 W13,,,,,,,,,,,,
1A12DE257,2016 W45,2017 W13,2017 W19,,,,,,,,,,,
1A12DE258,2016 W14,2017 W12,,,,,,,,,,,,
1A12DE259,2016 W18,,,,,,,,,,,,,
1A12DE26,2017 W13,,,,,,,,,,,,,
1A12DE260,2016 W15,2016 W45,2016 W46,,,,,,,,,,,
1A12DE261,2016 W42,2017 W13,,,,,,,,,,,,
1A12DE263,2017 W15,,,,,,,,,,,,,
1A12DE264,2016 W42,2017 W12,,,,,,,,,,,,
1A12DE265,2017 W15,,,,,,,,,,,,,
1A12DE266,2016 W14,2016 W16,2017 W15,,,,,,,,,,,
1A12DE267,2016 W16,2017 W18,,,,,,,,,,,,
1A12DE268,2017 W12,,,,,,,,,,,,,
1A12DE269,2016 W16,2016 W17,,,,,,,,,,,,
1A12DE27,2016 W16,2016 W17,2016 W41,2016 W43,2017 W14,,,,,,,,,
1A12DE270,2016 W14,2016 W47,2017 W12,2017 W19,2017 W20,,,,,,,,,
1A12DE271,2017 W18,2017 W19,,,,,,,,,,,,
1A12DE272,2017 W15,,,,,,,,,,,,,
1A12DE273,2016 W46,2017 W12,2017 W20,2017 W21,,,,,,,,,,
1A12DE274,2017 W18,2017 W19,,,,,,,,,,,,
1A12DE275,2017 W13,,,,,,,,,,,,,
1A12DE277,2016 W15,2016 W43,2016 W44,,,,,,,,,,,
1A12DE279,2016 W20,2017 W16,,,,,,,,,,,,
1A12DE28,2017 W14,,,,,,,,,,,,,
1A12DE280,2017 W15,,,,,,,,,,,,,
1A12DE281,,,,,,,,,,,,,,
1A12DE282,2017 W18,2017 W19,,,,,,,,,,,,
1A12DE283,2017 W11,,,,,,,,,,,,,
1A12DE284,2017 W18,,,,,,,,,,,,,
1A12DE285,,,,,,,,,,,,,,
1A12DE286,2016 W44,2017 W18,,,,,,,,,,,,
1A12DE287,2017 W11,,,,,,,,,,,,,
1A12DE288,2016 W16,2016 W17,2016 W20,,,,,,,,,,,
1A12DE289,2017 W14,,,,,,,,,,,,,
1A12DE29,2017 W11,,,,,,,,,,,,,
1A12DE290,2016 W16,2016 W18,2016 W19,2016 W44,2017 W12,,,,,,,,,
1A12DE291,2016 W40,2016 W44,2016 W45,,,,,,,,,,,
1A12DE292,2017 W18,,,,,,,,,,,,,
1A12DE293,,,,,,,,,,,,,,
1A12DE294,2017 W13,,,,,,,,,,,,,
1A12DE295,2017 W14,,,,,,,,,,,,,
1A12DE296,2016 W16,2017 W14,,,,,,,,,,,,
1A12DE297,2017 W17,,,,,,,,,,,,,
1A12DE298,2016 W15,,,,,,,,,,,,,
1A12DE299,2017 W18,,,,,,,,,,,,,
1A12DE30,2017 W18,,,,,,,,,,,,,
1A12DE300,2016 W41,2016 W46,2017 W16,,,,,,,,,,,
1A12DE301,2016 W14,2016 W15,2016 W16,2016 W44,,,,,,,,,,
1A12DE302,2016 W17,2016 W18,2017 W15,,,,,,,,,,,
1A12DE303,2017 W16,2017 W21,,,,,,,,,,,,
1A12DE304,2016 W42,2016 W44,,,,,,,,,,,,
1A12DE305,2016 W19,2016 W45,2016 W47,,,,,,,,,,,
1A12DE306,2016 W47,2017 W12,,,,,,,,,,,,
1A12DE307,2016 W16,2016 W19,,,,,,,,,,,,
1A12DE308,2017 W15,,,,,,,,,,,,,
1A12DE309,2017 W11,,,,,,,,,,,,,
1A12DE31,2017 W15,,,,,,,,,,,,,
1A12DE310,2017 W16,,,,,,,,,,,,,
1A12DE311,2016 W41,2017 W18,,,,,,,,,,,,
1A12DE312,2017 W17,2017 W19,,,,,,,,,,,,
1A12DE313,2017 W13,,,,,,,,,,,,,
1A12DE314,2016 W17,2016 W18,2016 W45,2016 W47,2017 W12,,,,,,,,,
1A12DE315,2016 W44,2017 W11,,,,,,,,,,,,
1A12DE316,2016 W16,2016 W17,2016 W41,2017 W13,,,,,,,,,,
1A12DE317,2017 W15,,,,,,,,,,,,,
1A12DE318,2016 W16,2016 W17,2016 W43,2017 W11,,,,,,,,,,
1A12DE319,2016 W42,2016 W46,2017 W14,,,,,,,,,,,
1A12DE32,2016 W16,2017 W18,,,,,,,,,,,,
1A12DE320,2016 W13,2016 W15,2016 W16,2016 W17,2016 W18,2016 W45,2016 W46,,,,,,,
1A12DE321,2017 W15,,,,,,,,,,,,,
1A12DE322,2016 W43,2016 W46,,,,,,,,,,,,
1A12DE323,2016 W46,,,,,,,,,,,,,
1A12DE324,2017 W11,,,,,,,,,,,,,
1A12DE325,2017 W15,,,,,,,,,,,,,
1A12DE326,2017 W15,,,,,,,,,,,,,
1A12DE327,2017 W12,,,,,,,,,,,,,
1A12DE328,2017 W19,,,,,,,,,,,,,
1A12DE329,2017 W15,,,,,,,,,,,,,
1A12DE33,2016 W43,2016 W47,,,,,,,,,,,,
1A12DE330,2016 W46,2017 W17,,,,,,,,,,,,
1A12DE331,2016 W14,2017 W18,,,,,,,,,,,,
1A12DE332,2017 W18,2017 W19,,,,,,,,,,,,
1A12DE333,2016 W44,2016 W45,2016 W46,2017 W12,2017 W12,2017 W19,,,,,,,,
1A12DE334,2016 W42,2016 W43,2016 W46,2017 W11,,,,,,,,,,
1A12DE335,2016 W46,2017 W14,,,,,,,,,,,,
1A12DE336,2017 W16,2017 W19,,,,,,,,,,,,
1A12DE337,2017 W13,,,,,,,,,,,,,
1A12DE338,2016 W42,2016 W46,2017 W11,,,,,,,,,,,
1A12DE339,,,,,,,,,,,,,,
1A12DE34,2016 W18,2017 W20,,,,,,,,,,,,
1A12DE340,2016 W15,2016 W43,,,,,,,,,,,,
1A12DE341,2016 W46,,,,,,,,,,,,,
1A12DE342,2016 W13,2016 W46,2017 W12,,,,,,,,,,,
1A12DE343,2016 W15,2016 W20,2016 W45,,,,,,,,,,,
1A12DE344,2017 W12,,,,,,,,,,,,,
1A12DE345,2016 W14,,,,,,,,,,,,,
1A12DE346,2016 W41,2016 W42,2017 W15,,,,,,,,,,,
1A12DE347,2016 W15,2016 W16,,,,,,,,,,,,
1A12DE348,,,,,,,,,,,,,,
1A12DE349,2017 W12,,,,,,,,,,,,,
1A12DE35,2016 W46,2016 W47,2017 W13,,,,,,,,,,,
1A12DE350,2017 W11,,,,,,,,,,,,,
1A12DE351,2016 W14,2016 W16,2016 W17,2016 W22,2016 W24,2017 W18,,,,,,,,
1A12DE353,2016 W15,,,,,,,,,,,,,
1A12DE354,2016 W15,2016 W16,,,,,,,,,,,,
1A12DE355,2017 W18,2017 W19,2017 W20,,,,,,,,,,,
1A12DE356,2016 W18,2016 W19,2016 W20,2016 W47,2017 W20,,,,,,,,,
1A12DE357,2016 W14,2016 W15,,,,,,,,,,,,
1A12DE358,,,,,,,,,,,,,,
1A12DE359,2016 W16,2016 W46,2017 W13,,,,,,,,,,,
1A12DE36,2016 W44,,,,,,,,,,,,,
1A12DE360,2016 W46,2017 W17,2017 W19,,,,,,,,,,,
1A12DE361,2016 W19,,,,,,,,,,,,,
1A12DE362,,,,,,,,,,,,,,
1A12DE363,2016 W41,,,,,,,,,,,,,
1A12DE364,2016 W44,2016 W45,2016 W46,2016 W47,2017 W20,,,,,,,,,
1A12DE365,2016 W18,2016 W45,2016 W46,,,,,,,,,,,
1A12DE366,2016 W41,,,,,,,,,,,,,
1A12DE367,2016 W20,2016 W45,2016 W46,2016 W47,,,,,,,,,,
1A12DE368,2016 W42,2017 W17,,,,,,,,,,,,
1A12DE369,2016 W43,2017 W11,,,,,,,,,,,,
1A12DE37,2016 W42,2016 W45,2016 W46,2017 W12,,,,,,,,,,
1A12DE370,2016 W44,2016 W46,,,,,,,,,,,,
1A12DE371,2016 W13,2016 W19,2017 W14,,,,,,,,,,,
1A12DE372,2016 W43,2017 W14,,,,,,,,,,,,
1A12DE373,2017 W17,,,,,,,,,,,,,
1A12DE374,2016 W14,2016 W46,,,,,,,,,,,,
1A12DE375,2017 W14,,,,,,,,,,,,,
1A12DE376,2017 W16,,,,,,,,,,,,,
1A12DE378,2017 W15,,,,,,,,,,,,,
1A12DE379,2016 W45,2016 W46,2016 W47,2017 W13,,,,,,,,,,
1A12DE38,2017 W13,2017 W14,,,,,,,,,,,,
1A12DE380,2017 W12,2017 W13,,,,,,,,,,,,
1A12DE381,2017 W12,,,,,,,,,,,,,
1A12DE382,2016 W14,2016 W17,,,,,,,,,,,,
1A12DE383,2016 W15,2017 W14,2017 W19,,,,,,,,,,,
1A12DE384,2017 W18,,,,,,,,,,,,,
1A12DE385,2017 W12,,,,,,,,,,,,,
1A12DE386,2016 W44,2017 W16,,,,,,,,,,,,
1A12DE387,2016 W14,2016 W15,2016 W47,2017 W19,2017 W20,,,,,,,,,
1A12DE388,2017 W13,,,,,,,,,,,,,
1A12DE389,2016 W14,2016 W17,2017 W18,,,,,,,,,,,
1A12DE39,2017 W17,,,,,,,,,,,,,
1A12DE390,2016 W18,2016 W19,2016 W45,2017 W13,,,,,,,,,,
1A12DE391,2016 W41,2016 W42,2017 W13,,,,,,,,,,,
1A12DE392,2017 W16,,,,,,,,,,,,,
1A12DE393,2016 W17,2017 W13,,,,,,,,,,,,
1A12DE394,2017 W15,2017 W19,,,,,,,,,,,,
1A12DE395,2016 W15,2016 W17,2016 W41,2016 W46,2017 W11,,,,,,,,,
1A12DE396,2016 W16,2016 W47,2017 W12,,,,,,,,,,,
1A12DE397,2016 W17,2016 W19,2016 W46,2016 W47,2017 W16,2017 W20,,,,,,,,
1A12DE398,2016 W42,2017 W18,,,,,,,,,,,,
1A12DE399,2017 W14,,,,,,,,,,,,,
1A12DE40,2016 W15,2017 W17,,,,,,,,,,,,
1A12DE400,2016 W41,2017 W11,,,,,,,,,,,,
1A12DE401,2017 W14,2017 W20,,,,,,,,,,,,
1A12DE402,2017 W18,2017 W19,,,,,,,,,,,,
1A12DE403,2017 W13,,,,,,,,,,,,,
1A12DE404,2016 W46,2016 W47,2017 W13,,,,,,,,,,,
1A12DE405,2016 W42,2016 W43,2017 W12,,,,,,,,,,,
1A12DE406,2017 W14,,,,,,,,,,,,,
1A12DE407,2017 W13,,,,,,,,,,,,,
1A12DE408,2016 W17,2016 W42,2016 W44,2017 W17,2017 W19,,,,,,,,,
1A12DE409,2016 W47,2017 W14,,,,,,,,,,,,
1A12DE41,,,,,,,,,,,,,,
1A12DE410,2016 W17,2016 W47,2017 W17,2017 W21,,,,,,,,,,
1A12DE412,2017 W20,,,,,,,,,,,,,
1A12DE413,,,,,,,,,,,,,,
1A12DE414,2016 W45,2016 W46,2017 W13,,,,,,,,,,,
1A12DE415,2016 W40,2016 W44,2016 W45,,,,,,,,,,,
1A12DE416,2017 W15,,,,,,,,,,,,,
1A12DE417,2016 W43,2017 W14,,,,,,,,,,,,
1A12DE418,2017 W20,2017 W21,,,,,,,,,,,,
1A12DE419,2016 W46,2016 W47,2017 W13,2017 W14,,,,,,,,,,
1A12DE42,2016 W14,2016 W16,2017 W12,,,,,,,,,,,
1A12DE420,2017 W16,,,,,,,,,,,,,
1A12DE421,2017 W13,,,,,,,,,,,,,
1A12DE422,,,,,,,,,,,,,,
1A12DE423,2016 W47,2017 W13,2017 W19,,,,,,,,,,,
1A12DE424,2016 W17,2016 W19,2016 W41,2017 W15,,,,,,,,,,
1A12DE425,2016 W40,2016 W41,2016 W42,2016 W43,2016 W44,2016 W45,2016 W46,2016 W47,,,,,,
1A12DE426,2016 W16,2016 W17,2017 W18,,,,,,,,,,,
1A12DE427,2016 W44,2016 W45,2016 W46,2017 W12,,,,,,,,,,
1A12DE428,,,,,,,,,,,,,,
1A12DE429,2017 W16,,,,,,,,,,,,,
1A12DE43,2016 W16,2016 W18,,,,,,,,,,,,
1A12DE430,2016 W43,2016 W46,2017 W16,,,,,,,,,,,
1A12DE431,2016 W22,2016 W41,2016 W42,,,,,,,,,,,
1A12DE432,2016 W15,2016 W16,2017 W17,2017 W19,2017 W21,,,,,,,,,
1A12DE433,2016 W17,,,,,,,,,,,,,
1A12DE434,2016 W47,2017 W11,,,,,,,,,,,,
1A12DE435,,,,,,,,,,,,,,
1A12DE436,2016 W14,2016 W41,2016 W42,2016 W46,,,,,,,,,,
1A12DE437,2016 W43,2016 W46,2016 W47,2017 W12,,,,,,,,,,
1A12DE438,2016 W15,2016 W18,2016 W41,2017 W14,,,,,,,,,,
1A12DE439,2016 W47,2017 W15,,,,,,,,,,,,
1A12DE44,2016 W17,2017 W17,,,,,,,,,,,,
1A12DE440,2017 W15,,,,,,,,,,,,,
1A12DE441,,,,,,,,,,,,,,
1A12DE442,2016 W16,2016 W17,2016 W43,2016 W47,2017 W13,,,,,,,,,
1A12DE443,2016 W46,,,,,,,,,,,,,
1A12DE444,2017 W18,,,,,,,,,,,,,
1A12DE445,2017 W19,,,,,,,,,,,,,
1A12DE446,2016 W46,,,,,,,,,,,,,
1A12DE447,2017 W18,,,,,,,,,,,,,
1A12DE448,2017 W11,2017 W20,,,,,,,,,,,,
1A12DE449,2016 W18,2016 W23,2017 W14,,,,,,,,,,,
1A12DE45,2017 W15,,,,,,,,,,,,,
1A12DE450,2017 W13,,,,,,,,,,,,,
1A12DE451,2016 W16,2016 W18,2016 W46,,,,,,,,,,,
1A12DE452,2016 W47,2017 W16,,,,,,,,,,,,
1A12DE453,2016 W40,2016 W41,2016 W42,,,,,,,,,,,
1A12DE454,2016 W18,2017 W13,,,,,,,,,,,,
1A12DE455,2017 W16,,,,,,,,,,,,,
1A12DE456,2017 W16,,,,,,,,,,,,,
1A12DE457,2017 W13,,,,,,,,,,,,,
1A12DE458,2016 W44,2017 W14,,,,,,,,,,,,
1A12DE459,2016 W42,2016 W43,2016 W44,2017 W11,,,,,,,,,,
1A12DE46,2016 W16,2017 W18,,,,,,,,,,,,
1A12DE460,2017 W14,,,,,,,,,,,,,
1A12DE461,2016 W16,,,,,,,,,,,,,
1A12DE462,2017 W13,,,,,,,,,,,,,
1A12DE463,2017 W13,,,,,,,,,,,,,
1A12DE464,2017 W16,,,,,,,,,,,,,
1A12DE465,2016 W42,2016 W43,2016 W46,2017 W13,,,,,,,,,,
1A12DE466,2017 W11,,,,,,,,,,,,,
1A12DE467,2016 W15,,,,,,,,,,,,,
1A12DE468,2016 W16,2016 W41,2016 W42,2016 W47,2017 W13,,,,,,,,,
1A12DE469,2016 W15,2016 W41,2016 W47,2017 W11,,,,,,,,,,
1A12DE47,2016 W47,2017 W15,,,,,,,,,,,,
1A12DE470,2016 W16,2017 W14,,,,,,,,,,,,
1A12DE471,2017 W13,2017 W14,,,,,,,,,,,,
1A12DE472,2016 W13,2016 W14,2016 W17,2016 W44,2016 W46,2017 W13,,,,,,,,
1A12DE473,2016 W13,2016 W18,2017 W11,,,,,,,,,,,
1A12DE474,2017 W18,,,,,,,,,,,,,
1A12DE475,2017 W15,2017 W19,,,,,,,,,,,,
1A12DE476,2016 W47,2017 W15,,,,,,,,,,,,
1A12DE477,2017 W15,,,,,,,,,,,,,
1A12DE478,2017 W15,,,,,,,,,,,,,
1A12DE479,2016 W16,2017 W18,2017 W19,,,,,,,,,,,
1A12DE48,2016 W16,,,,,,,,,,,,,
1A12DE480,2017 W14,,,,,,,,,,,,,
1A12DE481,2017 W15,,,,,,,,,,,,,
1A12DE482,2016 W18,2016 W19,2016 W20,2016 W22,2017 W18,,,,,,,,,
1A12DE483,2016 W41,2016 W42,2016 W43,2016 W45,2017 W13,2017 W14,,,,,,,,
1A12DE484,2017 W14,2017 W19,,,,,,,,,,,,
1A12DE485,2016 W17,2016 W47,,,,,,,,,,,,
1A12DE486,2016 W42,2017 W16,,,,,,,,,,,,
1A12DE487,2017 W15,,,,,,,,,,,,,
1A12DE488,2016 W45,2016 W47,2017 W15,,,,,,,,,,,
1A12DE489,2016 W16,2016 W17,2016 W18,2016 W19,2016 W20,2016 W47,2017 W13,,,,,,,
1A12DE49,2017 W15,,,,,,,,,,,,,
1A12DE490,2016 W42,,,,,,,,,,,,,
1A12DE492,2016 W15,2016 W17,2016 W44,2016 W46,2017 W11,,,,,,,,,
1A12DE493,2016 W15,2016 W16,2016 W46,2017 W14,,,,,,,,,,
1A12DE494,2016 W42,2016 W44,,,,,,,,,,,,
1A12DE495,2016 W15,2016 W43,2017 W11,,,,,,,,,,,
1A12DE496,2016 W15,2016 W17,2016 W18,2016 W41,2017 W12,,,,,,,,,
1A12DE497,2016 W14,2016 W15,2016 W17,2016 W18,2016 W19,2016 W45,2017 W12,,,,,,,
1A12DE498,2016 W42,2016 W43,2016 W44,,,,,,,,,,,
1A12DE499,2017 W18,,,,,,,,,,,,,
1A12DE5,,,,,,,,,,,,,,
1A12DE50,2016 W45,2016 W46,2017 W13,,,,,,,,,,,
1A12DE500,2016 W47,,,,,,,,,,,,,
1A12DE501,2017 W11,,,,,,,,,,,,,
1A12DE502,2016 W17,,,,,,,,,,,,,
1A12DE503,2017 W17,,,,,,,,,,,,,
1A12DE504,,,,,,,,,,,,,,
1A12DE505,2016 W14,2016 W15,2017 W14,,,,,,,,,,,
1A12DE506,2016 W15,2016 W21,2016 W41,2016 W43,2016 W45,2016 W46,2016 W47,,,,,,,
1A12DE507,2016 W15,2016 W17,2016 W18,2016 W19,2017 W15,2017 W19,,,,,,,,
1A12DE508,2017 W13,,,,,,,,,,,,,
1A12DE509,2016 W17,2017 W13,,,,,,,,,,,,
1A12DE51,2016 W47,2017 W16,,,,,,,,,,,,
1A12DE510,2016 W41,2017 W11,,,,,,,,,,,,
1A12DE511,2016 W45,2016 W46,2017 W14,2017 W21,,,,,,,,,,
1A12DE512,2016 W16,2016 W17,2016 W41,2017 W16,,,,,,,,,,
1A12DE513,2017 W13,,,,,,,,,,,,,
1A12DE514,2016 W19,2017 W21,,,,,,,,,,,,
1A12DE515,2016 W14,2016 W17,2016 W18,2017 W17,,,,,,,,,,
1A12DE515,2016 W14,2016 W17,2016 W18,2017 W17,,,,,,,,,,
1A12DE516,2016 W15,2016 W44,2017 W13,2017 W19,2017 W20,,,,,,,,,
1A12DE517,2017 W16,,,,,,,,,,,,,
1A12DE518,2017 W15,,,,,,,,,,,,,
1A12DE519,2016 W47,2017 W17,,,,,,,,,,,,
1A12DE52,2017 W15,,,,,,,,,,,,,
1A12DE520,2016 W15,2016 W42,2016 W47,2017 W12,,,,,,,,,,
1A12DE521,2016 W13,2016 W46,2017 W14,,,,,,,,,,,
1A12DE522,2016 W15,2016 W16,2016 W17,2016 W18,2016 W21,2016 W44,2017 W18,,,,,,,
1A12DE523,2016 W46,,,,,,,,,,,,,
1A12DE524,,,,,,,,,,,,,,
1A12DE525,2016 W16,2016 W42,2017 W12,,,,,,,,,,,
1A12DE526,2016 W15,2016 W42,2016 W45,2017 W12,,,,,,,,,,
1A12DE527,2016 W21,2016 W24,2016 W46,2017 W11,,,,,,,,,,
1A12DE528,2016 W41,2016 W43,2016 W45,2016 W46,2017 W13,2017 W14,,,,,,,,
1A12DE529,2016 W18,2017 W14,2017 W19,,,,,,,,,,,
1A12DE53,2016 W43,2016 W47,2017 W17,,,,,,,,,,,
1A12DE530,2016 W42,2016 W43,,,,,,,,,,,,
1A12DE531,2016 W15,2017 W16,,,,,,,,,,,,
1A12DE532,2016 W46,2017 W13,,,,,,,,,,,,
1A12DE533,2016 W16,2016 W17,2016 W47,2017 W15,2017 W19,,,,,,,,,
1A12DE534,2016 W46,2017 W13,2017 W14,,,,,,,,,,,
1A12DE535,,,,,,,,,,,,,,
1A12DE536,2017 W12,,,,,,,,,,,,,
1A12DE537,2016 W42,2016 W43,2016 W46,2017 W13,,,,,,,,,,
1A12DE538,2017 W12,,,,,,,,,,,,,
1A12DE539,2017 W14,,,,,,,,,,,,,
1A12DE54,2017 W14,,,,,,,,,,,,,
1A12DE540,2017 W18,,,,,,,,,,,,,
1A12DE541,2016 W42,2016 W43,,,,,,,,,,,,
1A12DE542,2016 W16,2016 W17,2016 W46,2017 W15,,,,,,,,,,
1A12DE543,2016 W17,2017 W12,,,,,,,,,,,,
1A12DE544,2016 W41,2017 W11,,,,,,,,,,,,
1A12DE545,2016 W17,2017 W14,,,,,,,,,,,,
1A12DE546,2017 W18,,,,,,,,,,,,,
1A12DE547,2017 W18,,,,,,,,,,,,,
1A12DE548,2016 W44,2016 W46,2017 W15,,,,,,,,,,,
1A12DE549,2017 W15,2017 W19,,,,,,,,,,,,
1A12DE55,2016 W14,2017 W18,,,,,,,,,,,,
1A12DE550,2016 W16,2016 W17,2016 W18,2016 W41,2016 W44,2016 W46,2017 W13,,,,,,,
1A12DE551,2016 W42,,,,,,,,,,,,,
1A12DE552,2016 W16,2016 W18,2016 W19,2017 W14,,,,,,,,,,
1A12DE553,2017 W11,,,,,,,,,,,,,
1A12DE554,2017 W16,,,,,,,,,,,,,
1A12DE555,,,,,,,,,,,,,,
1A12DE556,2016 W46,,,,,,,,,,,,,
1A12DE557,2016 W42,2017 W12,,,,,,,,,,,,
1A12DE558,2016 W14,2016 W17,2016 W41,2016 W43,2016 W46,2016 W47,2017 W12,2017 W19,,,,,,
1A12DE559,2016 W18,2016 W44,2017 W15,,,,,,,,,,,
1A12DE56,2016 W42,2016 W43,2016 W47,2017 W15,,,,,,,,,,
1A12DE560,2017 W14,,,,,,,,,,,,,
1A12DE561,2017 W13,,,,,,,,,,,,,
1A12DE562,2016 W42,,,,,,,,,,,,,
1A12DE563,2016 W46,,,,,,,,,,,,,
1A12DE564,2017 W14,,,,,,,,,,,,,
1A12DE565,2016 W21,2017 W16,2017 W21,,,,,,,,,,,
1A12DE566,2016 W42,2016 W43,2017 W15,,,,,,,,,,,
1A12DE567,2017 W13,,,,,,,,,,,,,
1A12DE568,2016 W16,2016 W17,2016 W46,2017 W14,,,,,,,,,,
1A12DE569,2017 W12,,,,,,,,,,,,,
1A12DE57,2016 W42,2017 W13,,,,,,,,,,,,
1A12DE570,,,,,,,,,,,,,,
1A12DE571,2016 W16,2016 W47,2017 W14,,,,,,,,,,,
1A12DE572,2016 W16,2016 W17,2016 W19,,,,,,,,,,,
1A12DE573,2016 W20,2016 W47,2017 W15,,,,,,,,,,,
1A12DE574,2017 W11,,,,,,,,,,,,,
1A12DE575,2017 W16,,,,,,,,,,,,,
1A12DE576,2016 W46,,,,,,,,,,,,,
1A12DE577,2016 W47,2017 W12,,,,,,,,,,,,
1A12DE578,2017 W18,,,,,,,,,,,,,
1A12DE579,2016 W46,2017 W16,,,,,,,,,,,,
1A12DE58,2016 W41,2016 W42,2017 W13,2017 W14,,,,,,,,,,
1A12DE580,2016 W44,,,,,,,,,,,,,
1A12DE581,2016 W47,2017 W14,,,,,,,,,,,,
1A12DE582,2017 W17,2017 W21,,,,,,,,,,,,
1A12DE583,,,,,,,,,,,,,,
1A12DE584,2017 W11,,,,,,,,,,,,,
1A12DE59,2016 W47,,,,,,,,,,,,,
1A12DE6,2016 W47,2017 W14,,,,,,,,,,,,
1A12DE60,2017 W14,,,,,,,,,,,,,
1A12DE61,2017 W12,,,,,,,,,,,,,
1A12DE62,2016 W14,2016 W16,2016 W17,2016 W46,,,,,,,,,,
1A12DE63,2017 W11,,,,,,,,,,,,,
1A12DE64,2017 W16,,,,,,,,,,,,,
1A12DE65,2016 W44,2017 W13,,,,,,,,,,,,
1A12DE66,2016 W16,2017 W13,,,,,,,,,,,,
1A12DE67,2017 W13,2017 W14,,,,,,,,,,,,
1A12DE68,2016 W16,,,,,,,,,,,,,
1A12DE69,2017 W13,,,,,,,,,,,,,
1A12DE7,2016 W17,2016 W18,2016 W19,2016 W20,2016 W21,2016 W22,2016 W23,2016 W24,2016 W45,2016 W46,2016 W47,2017 W14,2017 W19,2017 W21
1A12DE70,2016 W17,,,,,,,,,,,,,
1A12DE71,2017 W12,,,,,,,,,,,,,
1A12DE72,2017 W13,,,,,,,,,,,,,
1A12DE73,2017 W11,,,,,,,,,,,,,
1A12DE74,2016 W16,2016 W46,2016 W47,2017 W16,,,,,,,,,,
1A12DE75,2017 W14,,,,,,,,,,,,,
1A12DE76,2017 W14,,,,,,,,,,,,,
1A12DE77,,,,,,,,,,,,,,
1A12DE78,2016 W46,2017 W14,,,,,,,,,,,,
1A12DE79,2017 W15,,,,,,,,,,,,,
1A12DE8,2017 W13,2017 W14,2017 W14,2017 W19,,,,,,,,,,
1A12DE80,2016 W16,2016 W47,2017 W16,2017 W19,,,,,,,,,,
1A12DE81,2016 W40,2016 W44,2016 W45,,,,,,,,,,,
1A12DE82,2016 W13,2017 W18,,,,,,,,,,,,
1A12DE83,,,,,,,,,,,,,,
1A12DE84,2016 W42,2016 W43,2017 W12,,,,,,,,,,,
1A12DE85,2016 W15,,,,,,,,,,,,,
1A12DE87,2016 W41,2016 W42,,,,,,,,,,,,
1A12DE88,2016 W15,2016 W42,2016 W45,2017 W11,,,,,,,,,,
1A12DE89,2016 W46,,,,,,,,,,,,,
1A12DE9,2017 W14,,,,,,,,,,,,,
1A12DE90,2017 W16,2017 W20,,,,,,,,,,,,
1A12DE91,2016 W47,,,,,,,,,,,,,
1A12DE92,2016 W46,2017 W13,,,,,,,,,,,,
1A12DE93,2016 W16,2017 W12,,,,,,,,,,,,
1A12DE95,2016 W13,2016 W18,2016 W43,2017 W13,,,,,,,,,,
1A12DE96,2017 W13,,,,,,,,,,,,,
1A12DE97,2016 W16,2016 W17,2016 W18,2016 W43,,,,,,,,,,
1A12DE98,2016 W43,2016 W44,2017 W12,,,,,,,,,,,
1A12DE99,2016 W16,2016 W22,,,,,,,,,,,,